{"cameraMode":{"drawMode":0,"name":"Shaded","section":"Shading Mode"},"sceneLighting":false,"audioPlay":false,"sceneViewState":{"showFog":true,"showMaterialUpdate":false,"showSkybox":false,"showFlares":true,"showImageEffects":true,"showParticleSystems":true},"in2DMode":false,"pivot":{"x":5.960464477539063e-8,"y":0.9504181146621704,"z":0.0},"rotation":{"x":0.052679672837257388,"y":0.939392626285553,"z":-0.2939986288547516,"w":0.16832274198532105},"size":1.332654356956482,"orthographic":false}